{
	"id": "a47b532e-2782-463c-a8c9-542738b777cc",
	"name": "ORAN-ONAP ENV",
	"values": [
		{
			"key": "k8s",
			"value": "#FIXME",
			"enabled": true
		},
		{
			"key": "service-name",
			"value": "#FIXME",
			"enabled": true
		},
		{
			"key": "service-version",
			"value": "#FIXME",
			"enabled": true
		},
		{
			"key": "service-instance-name",
			"value": "#FIXME",
			"enabled": true
		},
		{
			"key": "catalogdb-port",
			"value": "30120",
			"enabled": true
		},
		{
			"key": "managed_k8s",
			"value": "#FIXME (can be same like k8s)",
			"enabled": true
		},
		{
			"key": "service-uuid",
			"value": "",
			"enabled": true
		},
		{
			"key": "service-invariantUUID",
			"value": "",
			"enabled": true
		},
		{
			"key": "vnf-modelinfo-modelname",
			"value": "",
			"enabled": true
		},
		{
			"key": "vnf-modelinfo-modeluuid",
			"value": "",
			"enabled": true
		},
		{
			"key": "vnf-modelinfo-modelinvariantuuid",
			"value": "",
			"enabled": true
		},
		{
			"key": "vnf-modelinfo-modelcustomizationuuid",
			"value": "",
			"enabled": true
		},
		{
			"key": "vnf-vfmodule-0-modelinfo-modelname",
			"value": "",
			"enabled": true
		},
		{
			"key": "vnf-vfmodule-0-modelinfo-modelinvariantuuid",
			"value": "",
			"enabled": true
		},
		{
			"key": "vnf-vfmodule-0-modelinfo-modeluuid",
			"value": "",
			"enabled": true
		},
		{
			"key": "vnf-vfmodule-0-modelinfo-instancename",
			"value": "",
			"enabled": true
		},
		{
			"key": "vnf-modelinfo-instancename",
			"value": "",
			"enabled": true
		},
		{
			"key": "vnf-modelinfo-modelversion",
			"value": "",
			"enabled": true
		},
		{
			"key": "vnf-vfmodule-0-label",
			"value": "",
			"enabled": true
		},
		{
			"key": "vnf-modelinfo-modelinstancename",
			"value": "",
			"enabled": true
		},
		{
			"key": "vnf-vfmodule-0-modelinfo-modelcustomizationuuid",
			"value": "",
			"enabled": true
		},
		{
			"key": "so-request-id",
			"value": "",
			"enabled": true
		},
		{
			"key": "service-instance-id",
			"value": "",
			"enabled": true
		},
		{
			"key": "",
			"value": "",
			"enabled": false
		},
		{
			"key": "",
			"value": "",
			"enabled": false
		},
		{
			"key": "cds-blueprocessor",
			"value": "",
			"enabled": true
		},
		{
			"key": "cba_name",
			"value": "",
			"enabled": true
		},
		{
			"key": "cba_version",
			"value": "",
			"enabled": true
		},
		{
			"key": "cba_id",
			"value": "",
			"enabled": true
		}
	],
	"_postman_variable_scope": "environment",
	"_postman_exported_at": "2021-06-28T06:51:35.182Z",
	"_postman_exported_using": "Postman/8.7.0"
}