{
	"id": "33bda487-4ee0-402e-88b5-2e978a6fa770",
	"name": "minimal",
	"values": [
		{
			"key": "k8s",
			"value": "",
			"enabled": true
		},
		{
			"key": "catalogdb-port",
			"value": "",
			"enabled": true
		},
		{
			"key": "service-name",
			"value": "",
			"enabled": true
		},
		{
			"key": "service-version",
			"value": "",
			"enabled": true
		},
		{
			"key": "service-instance-name",
			"value": "",
			"enabled": true
		}
	],
	"_postman_variable_scope": "environment",
	"_postman_exported_at": "2021-09-01T15:12:24.624Z",
	"_postman_exported_using": "Postman/8.11.1"
}
